epoch,nll,rmse,val_nll,dataset_name
1,2.4905801304168755,0.044323742389678955,-5.146803379058838,augmented_dataset
2,-0.5096763148250287,0.044323742389678955,-5.146803379058838,augmented_dataset
3,-0.94025758493369,0.044323742389678955,-5.146803379058838,augmented_dataset
4,-1.271252250958953,0.044323742389678955,-5.146803379058838,augmented_dataset
5,-1.6043929907836412,0.044323742389678955,-5.146803379058838,augmented_dataset
6,-1.5877366330539973,0.044323742389678955,-5.146803379058838,augmented_dataset
7,-1.7815045472822688,0.044323742389678955,-5.146803379058838,augmented_dataset
8,-2.088130727462601,0.044323742389678955,-5.146803379058838,augmented_dataset
9,-2.260414234588021,0.044323742389678955,-5.146803379058838,augmented_dataset
10,-2.451748341426515,0.044323742389678955,-5.146803379058838,augmented_dataset
11,-2.5321224244017353,0.044323742389678955,-5.146803379058838,augmented_dataset
12,-2.8538818796475725,0.044323742389678955,-5.146803379058838,augmented_dataset
13,-2.956427718672836,0.044323742389678955,-5.146803379058838,augmented_dataset
14,-3.145654092127817,0.044323742389678955,-5.146803379058838,augmented_dataset
15,-3.3792501181886907,0.044323742389678955,-5.146803379058838,augmented_dataset
16,-3.190923862923917,0.044323742389678955,-5.146803379058838,augmented_dataset
17,-3.3353754152331434,0.044323742389678955,-5.146803379058838,augmented_dataset
18,-3.4486176105967745,0.044323742389678955,-5.146803379058838,augmented_dataset
19,-3.6596379775750014,0.044323742389678955,-5.146803379058838,augmented_dataset
20,-3.475049420406944,0.044323742389678955,-5.146803379058838,augmented_dataset
21,-3.7533616534450593,0.044323742389678955,-5.146803379058838,augmented_dataset
22,-3.7981461784295876,0.044323742389678955,-5.146803379058838,augmented_dataset
23,-3.9513883105495515,0.044323742389678955,-5.146803379058838,augmented_dataset
24,-4.1874424700151405,0.044323742389678955,-5.146803379058838,augmented_dataset
25,-4.3651586674807366,0.044323742389678955,-5.146803379058838,augmented_dataset
26,-4.367495012910743,0.044323742389678955,-5.146803379058838,augmented_dataset
27,-4.390729775345116,0.044323742389678955,-5.146803379058838,augmented_dataset
28,-4.4191914148498,0.044323742389678955,-5.146803379058838,augmented_dataset
29,-4.605171789202774,0.044323742389678955,-5.146803379058838,augmented_dataset
30,-4.520742612554317,0.044323742389678955,-5.146803379058838,augmented_dataset
31,-4.556908296283923,0.044323742389678955,-5.146803379058838,augmented_dataset
32,-4.7133658844127995,0.044323742389678955,-5.146803379058838,augmented_dataset
33,-4.754842298072681,0.044323742389678955,-5.146803379058838,augmented_dataset
34,-4.828796303899664,0.044323742389678955,-5.146803379058838,augmented_dataset
35,-4.640383202987805,0.044323742389678955,-5.146803379058838,augmented_dataset
36,-4.577629372320677,0.044323742389678955,-5.146803379058838,augmented_dataset
37,-4.743030997326499,0.044323742389678955,-5.146803379058838,augmented_dataset
38,-4.862553149775454,0.044323742389678955,-5.146803379058838,augmented_dataset
39,-4.88534787495931,0.044323742389678955,-5.146803379058838,augmented_dataset
40,-4.908685371332001,0.044323742389678955,-5.146803379058838,augmented_dataset
41,-4.931973188801815,0.044323742389678955,-5.146803379058838,augmented_dataset
42,-4.9724884744276086,0.044323742389678955,-5.146803379058838,augmented_dataset
43,-5.007596982989395,0.044323742389678955,-5.146803379058838,augmented_dataset
44,-5.044348198907416,0.044323742389678955,-5.146803379058838,augmented_dataset
45,-5.012360284202978,0.044323742389678955,-5.146803379058838,augmented_dataset
46,-5.0454805198468655,0.044323742389678955,-5.146803379058838,augmented_dataset
47,-5.006986812123081,0.044323742389678955,-5.146803379058838,augmented_dataset
48,-5.064888562654193,0.044323742389678955,-5.146803379058838,augmented_dataset
49,-5.083997713055527,0.044323742389678955,-5.146803379058838,augmented_dataset
50,-5.1083903580381165,0.044323742389678955,-5.146803379058838,augmented_dataset
